Store_ID,subprovince,Title,URL
D826,Hanoi,Gamuda,"https://www.google.com/maps/place/Pizza+Hut+Gamuda/@20.9701323,105.8761243,17z/data=!4m18!1m9!3m8!1s0x3135afc4c920db8b:0x32f628ee4439c419!2sPizza+Hut+Gamuda!8m2!3d20.9701323!4d105.8786992!9m1!1b1!16s%2Fg%2F11vbs6p6jj!3m7!1s0x3135afc4c920db8b:0x32f628ee4439c419!8m2!3d20.9701323!4d105.8786992!9m1!1b1!16s%2Fg%2F11vbs6p6jj?entry=ttu&hl=vi"
D426,Binh Duong,Go Di An,"https://www.google.com/maps/place/Pizza+Hut+Signature+-+Go!+D%C4%A9+An/@10.8904973,106.780321,17z/data=!4m8!3m7!1s0x3174d93f3210eb23:0xdc842aae928d2638!8m2!3d10.890492!4d106.7828959!9m1!1b1!16s%2Fg%2F11vq3bcj4m?hl=vi&entry=ttu&hl=vi"
D528,Tay Ninh,Go Hoa Thanh,"https://www.google.com/maps/place/PizzaHut+Go+H%C3%B2a+Th%C3%A0nh/@11.3000388,106.1239553,17z/data=!4m8!3m7!1s0x310b6b1e0b9d2bbb:0xc83c638836978a97!8m2!3d11.3000388!4d106.1265302!9m1!1b1!16s%2Fg%2F11vf99v_4g?entry=ttu&hl=vi"
D955,Dong Nai,Go Tan Hiep,"https://www.google.com/maps/place/Pizza+Hut+Go!+T%C3%A2n+Hi%E1%BB%87p/@10.966613,106.8518956,17z/data=!4m18!1m9!3m8!1s0x3174dd798fd4eca1:0xf913c62426fa2546!2zUGl6emEgSHV0IEdvISBUw6JuIEhp4buHcA!8m2!3d10.9666077!4d106.8544705!9m1!1b1!16s%2Fg%2F11vc06wxfz!3m7!1s0x3174dd798fd4eca1:0xf913c62426fa2546!8m2!3d10.9666077!4d106.8544705!9m1!1b1!16s%2Fg%2F11vc06wxfz?entry=ttu&hl=vi"
D825,Hanoi,Horizon,"https://www.google.com/maps/place/Pizza+Hut+Horizon/@20.9901283,105.8651717,17z/data=!4m8!3m7!1s0x3135ad6ffb5b93eb:0x88fdeb7d433263e3!8m2!3d20.9901283!4d105.8677466!9m1!1b1!16s%2Fg%2F11v4c57lwv?entry=ttu&hl=vi"
D847,Vinh Phuc,Lan Chi Phuc Yen,"https://www.google.com/maps/place/Pizza+Hut+Lan+Chi+Ph%C3%BAc+Y%C3%AAn/@21.2306327,105.6951731,17z/data=!4m18!1m9!3m8!1s0x3134fd61dc137a17:0x9fb415bde71ff91f!2sPizza+Hut+Lan+Chi+Ph%C3%BAc+Y%C3%AAn!8m2!3d21.2306277!4d105.697748!9m1!1b1!16s%2Fg%2F11l5nb3f_b!3m7!1s0x3134fd61dc137a17:0x9fb415bde71ff91f!8m2!3d21.2306277!4d105.697748!9m1!1b1!16s%2Fg%2F11l5nb3f_b?hl=vi&entry=ttu&g_ep=EgoyMDI0MTEwNS4wIKXMDSoASAFQAw%3D%3D"
W001,,W001,
W002,,W002,
W004,,W003,
W003,,W003,
D549,An Giang,Tran Hung Dao LX,"https://www.google.com/maps/place/Pizza+Hut+Long+Xuy%C3%AAn/@10.3777927,105.4400521,15z/data=!4m8!3m7!1s0x310a73b73e4834f1:0xb16acf5d583fad42!8m2!3d10.3777927!4d105.4400521!9m1!1b1!16s%2Fg%2F11h_vv2959?entry=ttu&hl=vi"
D381,Ba Ria Vung Tau,30-4 Vung Tau,"https://www.google.com/maps/place/Pizza+Hut+30-4+V%C5%A9ng+T%C3%A0u/@10.3978395,107.1111561,15z/data=!4m8!3m7!1s0x3175714dc1d303fd:0xcd80be9f4364724c!8m2!3d10.3978395!4d107.1111561!9m1!1b1!16s%2Fg%2F11f6d8z__n?entry=ttu&hl=vi"
D383,Ba Ria Vung Tau,Go Phu My,"https://www.google.com/maps/place/Pizza+Hut+Go+Ph%C3%BA+M%E1%BB%B9/@10.5889375,107.0563125,15z/data=!4m8!3m7!1s0x317513a9ef34cdb5:0xc1462c03c9bb8690!8m2!3d10.5889375!4d107.0563125!9m1!1b1!16s%2Fg%2F11jt0djyvr?entry=ttu&hl=vi"
D382,Ba Ria Vung Tau,Le Thanh Duy,"https://www.google.com/maps/place/Pizza+Hut/@10.4894458,107.173495,15z/data=!4m18!1m9!3m8!1s0x317573da9666e915:0x3b03d7f2e3b2a902!2sPizza+Hut!8m2!3d10.4894458!4d107.173495!9m1!1b1!16s%2Fg%2F11g18dwxvl!3m7!1s0x317573da9666e915:0x3b03d7f2e3b2a902!8m2!3d10.4894458!4d107.173495!9m1!1b1!16s%2Fg%2F11g18dwxvl?entry=ttu&hl=vi"
E321,Ba Ria Vung Tau,PH-Ba Cu,"https://www.google.com/maps/place/Pizza+Hut+Ba+Cu/@10.353869,107.08346,15z/data=!4m8!3m7!1s0x31756fea20b24cb3:0x682c5b845300f6b4!8m2!3d10.353869!4d107.08346!9m1!1b1!16s%2Fg%2F1pp2x9b9j?entry=ttu&hl=vi"
D123,Bac Giang,Go Bac Giang,"https://www.google.com/maps/place/Pizza+Hut+Go+B%E1%BA%AFc+Giang/@21.26682,106.2085253,15z/data=!4m8!3m7!1s0x31356d09f8a27b45:0xd54ebfff11308942!8m2!3d21.26682!4d106.2085253!9m1!1b1!16s%2Fg%2F11k4jdcw1k?entry=ttu&hl=vi"
D844,Bac Ninh,Bac Ninh,"https://www.google.com/maps/place/Pizza+Hut/@21.1719011,106.061922,15z/data=!4m8!3m7!1s0x3135090b24929baf:0xbc10fea6c6184f7a!8m2!3d21.1719011!4d106.061922!9m1!1b1!16s%2Fg%2F11hzd_d9yq?entry=ttu&hl=vi"
D845,Bac Ninh,Tu Son City,"https://www.google.com/maps/place/Pizza+Hut+T%E1%BB%AB+S%C6%A1n/@21.115946,105.9554352,15z/data=!4m8!3m7!1s0x313507057d9b4cd3:0xc681b35c0139615a!8m2!3d21.115946!4d105.9554352!9m1!1b1!16s%2Fg%2F11t64h5shf?entry=ttu&hl=vi"
D536,Ben Tre,Go Ben Tre,"https://www.google.com/maps/place/Pizza+Hut+Go+B%E1%BA%BFn+Tre/@10.2546964,106.3600256,15z/data=!4m8!3m7!1s0x310aa9c775159235:0x22c4f1153e1b0e80!8m2!3d10.2546964!4d106.3600256!9m1!1b1!16s%2Fg%2F11tbw21w3q?entry=ttu&hl=vi"
D791,Binh Dinh,Go Quy Nhon,"https://www.google.com/maps/place/Pizza+Hut+Go!+Quy+Nh%C6%A1n/@13.7542352,109.2078325,17z/data=!4m8!3m7!1s0x316f6dfe8e0190b9:0x13772b8a1944bd7!8m2!3d13.7542352!4d109.2078325!9m1!1b1!16s%2Fg%2F11vbs7jjky?authuser=0&hl=vi&entry=ttu&hl=vi"
D421,Binh Duong,AEON Binh Duong,"https://www.google.com/maps/place/Pizza+Hut+Aeon+B%C3%ACnh+D%C6%B0%C6%A1ng/@10.9331429,106.7118318,15z/data=!4m8!3m7!1s0x3174d7657f899d0f:0x64dd17356aee460f!8m2!3d10.9331429!4d106.7118318!9m1!1b1!16s%2Fg%2F11gf62cn0p?entry=ttu&hl=vi"
D424,Binh Duong,CMT8 Binh Duong,"https://www.google.com/maps/place/Pizza+Hut+CMT8+-+B%C3%ACnh+D%C6%B0%C6%A1ng/@10.9770102,106.6571372,15z/data=!4m8!3m7!1s0x3174d12de8095b05:0xc247306d24a209bc!8m2!3d10.9770102!4d106.6571372!9m1!1b1!16s%2Fg%2F11qpzp60rd?entry=ttu&hl=vi"
D422,Binh Duong,Di An Binh Duong,"https://www.google.com/maps/place/Pizza+Hut+D%C4%A9+An/@10.9047525,106.7683065,15z/data=!4m8!3m7!1s0x3174d985e82b2bb1:0x5230cc1ddd51a8fc!8m2!3d10.9047525!4d106.7683065!9m1!1b1!16s%2Fg%2F11j4xn0l5v?entry=ttu&hl=vi"
D425,Binh Duong,Lai Thieu Binh Duong,"https://www.google.com/maps/place/Pizza+Hut+L%C3%A1i+Thi%C3%AAu/@10.90338,106.7010457,15z/data=!4m8!3m7!1s0x3174d745326d210d:0xfa2c27c175fbce85!8m2!3d10.90338!4d106.7010457!9m1!1b1!16s%2Fg%2F11q_kss_3p?entry=ttu&hl=vi"
D423,Binh Duong,Midori Binh Duong,"https://www.google.com/maps/place/Pizza+Hut+Midori+B%C3%ACnh+D%C6%B0%C6%A1ng/@11.0722031,106.6814649,15z/data=!4m8!3m7!1s0x3174cfb8e94b7905:0xa307e8a8485295b!8m2!3d11.0722031!4d106.6814649!9m1!1b1!16s%2Fg%2F11qn93txbh?entry=ttu&hl=vi"
E401,Binh Duong,PH-BigC BD,"https://www.google.com/maps/place/Pizza+Hut+Big+C+B%C3%ACnh+D%C6%B0%C6%A1ng/@10.9871255,106.6646266,15z/data=!4m8!3m7!1s0x3174d117f99ab54f:0x7c294a99941622ea!8m2!3d10.9871255!4d106.6646266!9m1!1b1!16s%2Fg%2F1pzykct26?entry=ttu&hl=vi"
D961,Binh Thuan,HS-Phan Thiet,"https://www.google.com/maps/place/Pizza+Hut+Lotte/@10.9392251,108.1110278,15z/data=!4m8!3m7!1s0x317683110fe3a67f:0x4a531b2c67a52012!8m2!3d10.9392251!4d108.1110278!9m1!1b1!16s%2Fg%2F11ckxkss2s?entry=ttu&hl=vi"
D580,Ca Mau,Tran Hung Dao CM,"https://www.google.com/maps/place/Pizza+Hut+Tr%E1%BA%A7n+H%C6%B0ng+%C4%90%E1%BA%A1o+(C%C3%A0+Mau)/@9.1779204,105.154826,15z/data=!4m8!3m7!1s0x31a14987476ecf8d:0x2d93ac95a6ab7103!8m2!3d9.1779204!4d105.154826!9m1!1b1!16s%2Fg%2F11gy87nw4w?entry=ttu&hl=vi"
D522,Can Tho,Mau Than - CT,"https://www.google.com/maps/place/Pizza+Hut/@10.0333789,105.7738815,15z/data=!4m8!3m7!1s0x31a089aa194f72f9:0x561b89e266e08aa0!8m2!3d10.0333789!4d105.7738815!9m1!1b1!16s%2Fg%2F11sd5c46zd?entry=ttu&hl=vi"
D521,Can Tho,Nguyen Thai Hoc-CT,"https://www.google.com/maps/place/Pizza+Hut+Nguy%E1%BB%85n+Th%C3%A1i+H%E1%BB%8Dc/@10.032853,105.785152,15z/data=!4m8!3m7!1s0x31a062a1d3708c65:0xfc5b188a43acbfd!8m2!3d10.032853!4d105.785152!9m1!1b1!16s%2Fg%2F11c6s6gl7c?entry=ttu&hl=vi"
D523,Can Tho,Nguyen Van Cu CT,"https://www.google.com/maps/place/Pizza+Hut+Nguy%E1%BB%85n+V%C4%83n+C%E1%BB%AB+(C%E1%BA%A7n+Th%C6%A1)/@10.0517339,105.7731143,15z/data=!4m8!3m7!1s0x31a08973d25fda1f:0xd1e648ccc571170d!8m2!3d10.0517339!4d105.7731143!9m1!1b1!16s%2Fg%2F11pzhbnvr2?entry=ttu&hl=vi"
E501,Can Tho,PH-BigC CT,"https://www.google.com/maps/place/Pizza+Hut+Big+C+-+C%E1%BA%A7n+Th%C6%A1/@10.0143208,105.7817211,17z/data=!4m8!3m7!1s0x31a063f87ac20f07:0x6c986c87088be60f!8m2!3d10.0143208!4d105.784296!9m1!1b1!16s%2Fg%2F11v4j36rmc?entry=ttu&hl=vi"
D707,Da Nang,Le Duan-Da Nang,"https://www.google.com/maps/place/Pizza+Hut+L%C3%AA+Du%E1%BA%A9n/@16.0671329,108.207784,15z/data=!4m8!3m7!1s0x314219623d8799af:0x45fbb7fa3d77502d!8m2!3d16.0671329!4d108.207784!9m1!1b1!16s%2Fg%2F11qgbvd1n0?entry=ttu&hl=vi"
D706,Da Nang,Nguyen Van Thoai,"https://www.google.com/maps/place/Pizza+Hut+Nguy%E1%BB%85n+V%C4%83n+Tho%E1%BA%A1i/@16.0542552,108.2397204,15z/data=!4m8!3m7!1s0x3142176ee2ac16f7:0x11f7bfe8133a7eb2!8m2!3d16.0542552!4d108.2397204!9m1!1b1!16s%2Fg%2F11fmbcmcpc?entry=ttu&hl=vi"
D705,Da Nang,Nui Thanh-Da Nang,"https://www.google.com/maps/place/Pizza+Hut+239+N%C3%BAi+Th%C3%A0nh/@16.0443506,108.2214642,15z/data=!4m8!3m7!1s0x314219d1002c0acf:0xfbd7132a04e701ef!8m2!3d16.0443506!4d108.2214642!9m1!1b1!16s%2Fg%2F11h6v0kbm5?entry=ttu&hl=vi"
D601,Dak Lak,Ly Thuong Kiet-BMT,"https://www.google.com/maps/place/Pizza+Hut+Bu%C3%B4n+Ma+Thu%E1%BB%99t/@12.6800153,108.0433985,15z/data=!4m8!3m7!1s0x31721d7f5d07d409:0x526342688414cdf3!8m2!3d12.6800153!4d108.0433985!9m1!1b1!16s%2Fg%2F11gf9fx8fh?entry=ttu&hl=vi"
D954,Dong Nai,Go Nhon Trach,"https://www.google.com/maps/place/Pizza+Hut+Go+Nh%C6%A1n+Tr%E1%BA%A1ch/@10.7346634,106.933983,15z/data=!4m8!3m7!1s0x317519f5bc12bc69:0x66075071116e13b7!8m2!3d10.7346634!4d106.933983!9m1!1b1!16s%2Fg%2F11ssv078x0?entry=ttu&hl=vi"
D951,Dong Nai,HS-Bien Hoa,"https://www.google.com/maps/place/Nh%C3%A0+H%C3%A0ng+Pizza+Hut/@10.9391717,106.8633777,17z/data=!4m8!3m7!1s0x3174de883524415b:0x230ad98f111f855a!8m2!3d10.9391717!4d106.8633777!9m1!1b1!16s%2Fg%2F11c5stql06?authuser=0&hl=vi&entry=ttu&hl=vi"
D952,Dong Nai,Ho Nai Bien Hoa,"https://www.google.com/maps/place/Pizza+Hut+H%E1%BB%91+Nai+Bi%C3%AAn+H%C3%B2a/@10.9721791,106.8734287,14z/data=!4m8!3m7!1s0x3174dd5031e32905:0xf6f812bef0d03c80!8m2!3d10.9721791!4d106.8734287!9m1!1b1!16s%2Fg%2F11gy87x0nv?entry=ttu&hl=vi"
E301,Dong Nai,PH-BigC DN,"https://www.google.com/maps/place/Pizza+Hut+Big+C+%C4%90%E1%BB%93ng+Nai/@10.9059785,106.8500956,15z/data=!4m8!3m7!1s0x3174df1c823288f5:0x389aec900e91f698!8m2!3d10.9059785!4d106.8500956!9m1!1b1!16s%2Fg%2F1hf2sjpl0?entry=ttu&hl=vi"
E302,Dong Nai,PH-Lotte DN,"https://www.google.com/maps/place/Pizza+Hut/@10.948769,106.870837,15z/data=!4m8!3m7!1s0x3174de78e144549b:0x445ae5ccc7e307e4!8m2!3d10.948769!4d106.870837!9m1!1b1!16s%2Fg%2F11c5swclb0?entry=ttu&hl=vi"
D953,Dong Nai,Vo Thi Sau BH,"https://www.google.com/maps/place/Pizza+Hut+V%C3%B5+Th%E1%BB%8B+S%C3%A1u+%E2%80%93+Bi%C3%AAn+H%C3%B2a/@10.9473896,106.8298608,15z/data=!4m8!3m7!1s0x3174df8f78836a19:0xda294b698e207cff!8m2!3d10.9473896!4d106.8298608!9m1!1b1!16s%2Fg%2F11llpldpt2?entry=ttu&hl=vi"
D918,HCM,Aeon Tan Phu,"https://www.google.com/maps/place/Pizza+Hut+Aeon+Mall+T%C3%A2n+Ph%C3%BA/@10.8016976,106.6171321,15z/data=!4m8!3m7!1s0x31752bfa7c40409b:0xe4ffa196750d1675!8m2!3d10.8016976!4d106.6171321!9m1!1b1!16s%2Fg%2F11f2wclhdv?entry=ttu&hl=vi"
D913,HCM,Coop XLHN,"https://www.google.com/maps/place/Pizza+Hut+CoopMart+XLHN/@10.8482602,106.7741707,15z/data=!4m8!3m7!1s0x3175270b04c20ff3:0xd1a1d6bafccffd28!8m2!3d10.8482602!4d106.7741707!9m1!1b1!16s%2Fg%2F11g6py4vsl?entry=ttu&hl=vi"
D921,HCM,D2 Van Thanh,"https://www.google.com/maps/place/Pizza+Hut+D2+V%C4%83n+Th%C3%A1nh/@10.8059067,106.7160517,15z/data=!4m8!3m7!1s0x3175298253cc7c3d:0x191fe45a7661ec8e!8m2!3d10.8059067!4d106.7160517!9m1!1b1!16s%2Fg%2F11k0c3y5rj?entry=ttu&hl=vi"
D922,HCM,Vo Van Tan,"https://www.google.com/maps/place/Pizza+Hut+V%C3%B5+V%C4%83n+T%E1%BA%A7n/@10.7704974,106.6844566,15z/data=!4m19!1m10!3m9!1s0x31752f584d693f2d:0x4a666d071523b15!2zUGl6emEgSHV0IFbDtSBWxINuIFThuqdu!8m2!3d10.7704974!4d106.6844566!10e5!14m1!1BCgIgAQ!16s%2Fg%2F11f6nl1qt8!3m7!1s0x31752f584d693f2d:0x4a666d071523b15!8m2!3d10.7704974!4d106.6844566!9m1!1b1!16s%2Fg%2F11f6nl1qt8?entry=ttu&hl=vi"
D931,HCM,D4,"https://www.google.com/maps/place/Pizza+Hut+SD+Qu%E1%BA%ADn+4/@10.7590959,106.6929297,17z/data=!4m8!3m7!1s0x31752f065a60c55b:0x4f7760734e18a393!8m2!3d10.7590959!4d106.6978006!9m1!1b1!16s%2Fg%2F11m8sfftt4?entry=ttu&hl=vi"
D923,HCM,Do Xuan Hop,"https://www.google.com/maps/place/Pizza+Hut+%C4%90%E1%BB%97+Xu%C3%A2n+H%E1%BB%A3p/@10.828226,106.7687948,15z/data=!4m8!3m7!1s0x317527290a283c4d:0x38bd2f8d2aae9d6b!8m2!3d10.828226!4d106.7687948!9m1!1b1!16s%2Fg%2F11g1_tlkdk?entry=ttu&hl=vi"
D926,HCM,Giga Mall,"https://www.google.com/maps/place/Pizza+Hut+Giga+mall/@10.8278943,106.7216834,15z/data=!4m8!3m7!1s0x3175274dc0d6943f:0x1d0bd01b71ea951f!8m2!3d10.8278943!4d106.7216834!9m1!1b1!16s%2Fg%2F11fj8ft_rp?entry=ttu&hl=vi"
D908,HCM,HS-Hau Giang D6,"https://www.google.com/maps/place/Pizza+Hut+H%E1%BA%ADu+Giang/@10.7498675,106.6440754,15z/data=!4m8!3m7!1s0x31752e89ccfa3bfb:0x1e84332938f79971!8m2!3d10.7498675!4d106.6440754!9m1!1b1!16s%2Fg%2F11clsy73xv?entry=ttu&hl=vi"
D905,HCM,HS-Luy Ban Bich,"https://www.google.com/maps/place/Nh%C3%A0+h%C3%A0ng+Pizza+Hut/@10.7917376,106.6373046,15z/data=!4m8!3m7!1s0x31752eacdc0681ff:0x963f114049f833c5!8m2!3d10.7917376!4d106.6373046!9m1!1b1!16s%2Fg%2F11btrrxqzz?entry=ttu&hl=vi"
D909,HCM,HS-Nguyen Thai Son,"https://www.google.com/maps/place/Pizza+Hut+Nguy%E1%BB%85n+Th%C3%A1i+S%C6%A1n/@10.8218154,106.6847804,15z/data=!4m8!3m7!1s0x317528fad3e7ee9b:0xd244ee600e9ab17e!8m2!3d10.8218154!4d106.6847804!9m1!1b1!16s%2Fg%2F11c3s942bq?entry=ttu&hl=vi"
D907,HCM,HS-Pham Hung,"https://www.google.com/maps/place/Pizza+Hut+Ph%E1%BA%A1m+H%C3%B9ng/@10.7367049,106.6711616,15z/data=!4m8!3m7!1s0x31752e520f943003:0xa6e40ef91fafa18c!8m2!3d10.7367049!4d106.6711616!9m1!1b1!16s%2Fg%2F11fxzlwjpb?entry=ttu&hl=vi"
D928,HCM,Hoang Hoa Tham,"https://www.google.com/maps/place/Pizza+Hut+Ho%C3%A0ng+Hoa+Th%C3%A1m/@10.7978926,106.6469734,15z/data=!4m8!3m7!1s0x3175297e09e195a7:0x8754d70defda84d7!8m2!3d10.7978926!4d106.6469734!9m1!1b1!16s%2Fg%2F11hdq9933l?entry=ttu&hl=vi"
D935,HCM,Hong Bang,"https://www.google.com/maps/place/Pizza+Hut+H%E1%BB%93ng+B%C3%A0ng/@10.7546945,106.6601896,15z/data=!4m8!3m7!1s0x31752f9c790515fb:0x9c2ea9a65af065cd!8m2!3d10.7546945!4d106.6601896!9m1!1b1!16s%2Fg%2F11jt0dmplt?entry=ttu&hl=vi"
D938,HCM,Huynh Tan Phat D7,"https://www.google.com/maps/place/Pizza+Hut+Hu%E1%BB%B3nh+T%E1%BA%A5n+Ph%C3%A1t+D7/@10.7068361,106.7346474,17z/data=!4m8!3m7!1s0x3175252e0e1c2af5:0x934419239ff04e2b!8m2!3d10.7068308!4d106.7372277!9m1!1b1!16s%2Fg%2F11sdn0cxqx?entry=ttu&hl=vi"
D925,HCM,Le Thi Ha,"https://www.google.com/maps/place/Pizza+Hut+L%C3%AA+Th%E1%BB%8B+H%C3%A0/@10.8854495,106.5957413,17z/data=!4m8!3m7!1s0x3174d557abd87f67:0xbc97b275d6b59064!8m2!3d10.8854442!4d106.5983216!9m1!1b1!16s%2Fg%2F11h2b3_pyc?entry=ttu&hl=vi"
D930,HCM,Le Trong Tan,"https://www.google.com/maps/place/Pizza+Hut+L%C3%AA+Tr%E1%BB%8Dng+T%E1%BA%A5n/@10.8148898,106.6023927,17z/data=!4m8!3m7!1s0x31752b8d064a514b:0xfd829f5890dfc5de!8m2!3d10.8148845!4d106.604973!9m1!1b1!16s%2Fg%2F11j19dbw0k?entry=ttu&hl=vi"
D924,HCM,Le Van Khuong D12,"https://www.google.com/maps/place/Pizza+Hut+L%C3%AA+V%C4%83n+Kh%C6%B0%C6%A1ng/@10.8642603,106.6471787,17z/data=!4m18!1m9!3m8!1s0x317529f0002f97a1:0x78533efe716feebd!2zUGl6emEgSHV0IEzDqiBWxINuIEtoxrDGoW5n!8m2!3d10.864255!4d106.649759!9m1!1b1!16s%2Fg%2F11g22ym7gn!3m7!1s0x317529f0002f97a1:0x78533efe716feebd!8m2!3d10.864255!4d106.649759!9m1!1b1!16s%2Fg%2F11g22ym7gn?entry=ttu&hl=vi"
D914,HCM,Le Van Sy,"https://www.google.com/maps/place/Pizza+Hut+L%C3%AA+V%C4%83n+S%E1%BB%B9/@10.7895543,106.6719377,17z/data=!4m8!3m7!1s0x31752ed539117fb1:0x34cd92e0ba2d6aed!8m2!3d10.789549!4d106.674518!9m1!1b1!16s%2Fg%2F11dftbwqbf?entry=ttu&hl=vi"
D920,HCM,Liberty D7,"https://www.google.com/maps/place/Pizza+Hut+Liberty+Qu%E1%BA%ADn+7/@10.7379354,106.7252979,17z/data=!4m8!3m7!1s0x31752514c2252f3f:0xf8600f1bebb48a52!8m2!3d10.7379302!4d106.7301635!9m1!1b1!16s%2Fg%2F11f6d9175t?entry=ttu&hl=vi"
D932,HCM,MIA,"https://www.google.com/maps/place/Pizza+Hut+S%C3%A0i+G%C3%B2n+Mia/@10.7322379,106.6865875,17z/data=!4m8!3m7!1s0x31752f19475eba5d:0xb03a1898372aee0f!8m2!3d10.7322326!4d106.6891678!9m1!1b1!16s%2Fg%2F11lff2ddqq?entry=ttu&hl=vi"
D917,HCM,Nguyen Duy Trinh,"https://www.google.com/maps/place/Pizza+Hut+Nguy%E1%BB%85n+Duy+Trinh/@10.7875119,106.7617846,17z/data=!4m8!3m7!1s0x31752678ce0a7ddb:0x6a83dee009d3d9b6!8m2!3d10.7875066!4d106.7643649!9m1!1b1!16s%2Fg%2F11f_p34hts?entry=ttu&hl=vi"
D934,HCM,Nguyen Thi Minh Khai D3,"https://www.google.com/maps/place/Pizza+Hut+Nguy%E1%BB%85n+Th%E1%BB%8B+Minh+Khai+D3/@10.7745613,106.6850725,17z/data=!4m8!3m7!1s0x31752f4569d9f90b:0x89594c77d8dce85b!8m2!3d10.7745561!4d106.6899381!9m1!1b1!16s%2Fg%2F11qbcdcqvc?entry=ttu&hl=vi"
D939,HCM,Nguyen Van Tang D9,"https://www.google.com/maps/place/Pizza+Hut+Nguy%E1%BB%85n+V%C4%83n+T%C4%83ng/@10.8462776,106.8139542,17z/data=!4m8!3m7!1s0x3175274eeede955d:0x29703b08f9b17fb!8m2!3d10.8462723!4d106.8165345!9m1!1b1!16s%2Fg%2F11k3xhng49?entry=ttu&hl=vi"
D940,HCM,Nguyen Thi Thap D7,"https://www.google.com/maps/place/Pizza+Hut+Signature+-+Nguy%E1%BB%85n+Th%E1%BB%8B+Th%E1%BA%ADp/@10.7386373,106.701045,16z/data=!4m12!1m2!2m1!1spizza+hut+nguyen+thi+thap!3m8!1s0x31752f0dc00a19db:0xe9d6152af7febf79!8m2!3d10.7386373!4d106.7105722!9m1!1b1!15sChlwaXp6YSBodXQgbmd1eWVuIHRoaSB0aGFwIgOIAQFaGyIZcGl6emEgaHV0IG5ndXllbiB0aGkgdGhhcJIBEHBpenphX3Jlc3RhdXJhbnTgAQA!16s%2Fg%2F11vk2nycwz?entry=ttu&hl=vi"
D911,HCM,No Trang Long,"https://www.google.com/maps/place/Pizza+Hut+N%C6%A1+Trang+Long/@10.8100853,106.6926577,17z/data=!4m8!3m7!1s0x317528c1ebb6c74b:0xcaac44a40574334f!8m2!3d10.81008!4d106.695238!9m1!1b1!16s%2Fg%2F11c5flhwkd?entry=ttu&hl=vi"
E123,HCM,PH-Aeon Binh Tan,"https://www.google.com/maps/place/Pizza+Hut+Aeon+Mall+B%C3%ACnh+T%C3%A2n/@10.7426053,106.6090797,17z/data=!4m8!3m7!1s0x31752dcedacd35ab:0x75dbfb38ef9d214c!8m2!3d10.7426!4d106.61166!9m1!1b1!16s%2Fg%2F11f0klplrm?entry=ttu&hl=vi"
E104,HCM,PH-Lotte Mart,"https://www.google.com/maps/place/Pizza+Hut+Lotte+Mart/@10.7416512,106.6991121,17z/data=!4m8!3m7!1s0x31752f9f47812207:0xf92230c0b6dfa3c6!8m2!3d10.7416459!4d106.7016924!9m1!1b1!16s%2Fg%2F1thy_503?entry=ttu&hl=vi"
E122,HCM,PH-Ng. Anh Thu D12,"https://www.google.com/maps/place/Pizza+Hut+Nguy%E1%BB%85n+%E1%BA%A2nh+Th%E1%BB%A7/@10.8576157,106.606023,17z/data=!4m8!3m7!1s0x31752a3e4c09e1d7:0xeca73f4014b7f33c!8m2!3d10.8576104!4d106.6086033!9m1!1b1!16s%2Fg%2F11by_yhgl6?entry=ttu&hl=vi"
E106,HCM,PH-Nguyen Trai,"https://www.google.com/maps/place/Pizza+Hut+Nguy%E1%BB%85n+Tr%C3%A3i/@10.7565108,106.6735099,17z/data=!4m18!1m9!3m8!1s0x31752fe7063cb6e5:0xa42eeb4881773534!2zUGl6emEgSHV0IE5ndXnhu4VuIFRyw6Np!8m2!3d10.7565055!4d106.6760848!9m1!1b1!16s%2Fg%2F11whr7l3bf!3m7!1s0x31752fe7063cb6e5:0xa42eeb4881773534!8m2!3d10.7565055!4d106.6760848!9m1!1b1!16s%2Fg%2F11whr7l3bf?hl=en-GB&hl=vi&entry=ttu&g_ep=EgoyMDI1MDExMC4wIKXMDSoASAFQAw%3D%3D?entry=ttu&hl=vi"
E113,HCM,PH-Phan Xich Long,"https://www.google.com/maps/place/Pizza+Hut+Phan+X%C3%ADch+Long/@10.7971866,106.6881064,17z/data=!4m8!3m7!1s0x317528d05da1162d:0x34cca8d2fbc0d8de!8m2!3d10.7971813!4d106.6906867!9m1!1b1!16s%2Fg%2F11rs01d59?entry=ttu&hl=vi"
E118,HCM,PH-Vo Van Ngan,"https://www.google.com/maps/place/Pizza+Hut+V%C3%B5+V%C4%83n+Ng%C3%A2n/@10.8510943,106.7537697,17z/data=!4m8!3m7!1s0x317527bd7c6f803f:0xf0d6105115e0676f!8m2!3d10.851089!4d106.75635!9m1!1b1!16s%2Fg%2F11b7jc9y61?entry=ttu&hl=vi"
E119,HCM,PH-Xo Viet NT,"https://www.google.com/maps/place/Pizza+Hut+X%C3%B4+Vi%E1%BA%BFt+Ngh%E1%BB%87+T%C4%A9nh/@10.7951297,106.7068117,17z/data=!4m8!3m7!1s0x317528b19b05b10b:0x90e405de2be55c6f!8m2!3d10.7951244!4d106.709392!9m1!1b1!16s%2Fg%2F11bw_7k1xt?entry=ttu&hl=vi"
D903,HCM,PHD-Cach Mang T8,"https://www.google.com/maps/place/Nh%C3%A0+H%C3%A0ng+Pizza+Hut/@10.7874866,106.6605818,17z/data=!4m8!3m7!1s0x31752ecd971c08a3:0xb5ee3b94c947732b!8m2!3d10.7874813!4d106.6631621!9m1!1b1!16s%2Fg%2F11btrscp9x?entry=ttu&hl=vi"
D904,HCM,PHD-Ng Tri Phuong,"https://www.google.com/maps/place/Pizza+Hut+Nguy%E1%BB%85n+Tri+Ph%C6%B0%C6%A1ng/@10.7633763,106.6652957,17z/data=!4m8!3m7!1s0x31752ee4294b27c3:0x2b428aa39b8f7260!8m2!3d10.763371!4d106.667876!9m1!1b1!16s%2Fg%2F11c6004qnt?entry=ttu&hl=vi"
D902,HCM,PHD-Sky Garden,"https://www.google.com/maps/place/Pizza+Hut+Sky+Garden/@10.7292927,106.7037818,17z/data=!4m8!3m7!1s0x31752f91542f2a21:0x717d8a3c063b8683!8m2!3d10.7292874!4d106.7063621!9m1!1b1!16s%2Fg%2F11xkv9533?entry=ttu&hl=vi"
D901,HCM,PHD-Tran Hung Dao,"https://www.google.com/maps/place/Pizza+Hut/@10.7669353,106.6915087,17z/data=!4m8!3m7!1s0x31752f15e3add82b:0xf7ae01f880253910!8m2!3d10.76693!4d106.694089!9m1!1b1!16s%2Fg%2F11xm93x21?entry=ttu&hl=vi"
D910,HCM,Pham Van Chieu,"https://www.google.com/maps/place/Pizza+Hut+Ph%E1%BA%A1m+V%C4%83n+Chi%C3%AAu/@10.8461828,106.6418077,17z/data=!4m8!3m7!1s0x3175299a7b856d2d:0xdb678a24ef61985c!8m2!3d10.8461775!4d106.644388!9m1!1b1!16s%2Fg%2F11c60gc92d?entry=ttu&hl=vi"
D937,HCM,Phan Van Hon,"https://www.google.com/maps/place/Pizza+Hut+Phan+V%C4%83n+H%E1%BB%9Bn/@10.8363425,106.6012468,17z/data=!4m8!3m7!1s0x31752b0e5dfbba2b:0x6544a64363f4ed32!8m2!3d10.8363372!4d106.6038271!9m1!1b1!16s%2Fg%2F11sdn163y5?entry=ttu&hl=vi"
D916,HCM,Pho Quang,"https://www.google.com/maps/place/Pizza+Hut+Ph%E1%BB%95+Quang/@10.8063924,106.6658041,17z/data=!4m8!3m7!1s0x317529246e8bbda3:0x6b2cc3ed78a26d02!8m2!3d10.8063871!4d106.6683844!9m1!1b1!16s%2Fg%2F11f0_fvjt7?entry=ttu&hl=vi"
D929,HCM,ST Center Thu Duc,"https://www.google.com/maps/place/Pizza+Hut+ST+Center/@10.8727166,106.7305633,17z/data=!4m8!3m7!1s0x317527c16f3d70f7:0x7cf548fb51c19a8b!8m2!3d10.8727113!4d106.7331436!9m1!1b1!16s%2Fg%2F11fm_3vw2k?entry=ttu&hl=vi"
D933,HCM,Thao Dien,"https://www.google.com/maps/place/Pizza+Hut+Th%E1%BA%A3o+%C4%90i%E1%BB%81n/@10.8028921,106.7264645,17z/data=!4m8!3m7!1s0x3175275a20e65997:0x80ed88c1b3d5568e!8m2!3d10.8028868!4d106.7290448!9m1!1b1!16s%2Fg%2F11q2ypgt1v?entry=ttu&hl=vi"
D936,HCM,Thiso Mall,"https://www.google.com/maps/place/Pizza+Hut+Thiso+Mall/@10.7721167,106.7169699,17z/data=!4m8!3m7!1s0x31752f0de708e1bf:0xd69f420f44d91b53!8m2!3d10.7721115!4d106.7218355!9m1!1b1!16s%2Fg%2F11tk02m6qr?entry=ttu&hl=vi"
D919,HCM,Thong Nhat,"https://www.google.com/maps/place/Pizza+Hut+Th%E1%BB%91ng+Nh%E1%BA%A5t/@10.8454606,106.6623303,17z/data=!4m8!3m7!1s0x317529ed39330ae9:0xd39057cd30fb213f!8m2!3d10.8454553!4d106.6649106!9m1!1b1!16s%2Fg%2F11ghljq0yh?entry=ttu&hl=vi"
D927,HCM,Tinh Lo 10,"https://www.google.com/maps/place/Pizza+Hut+T%E1%BB%89nh+L%E1%BB%99+10/@10.7566094,106.620787,17z/data=!4m8!3m7!1s0x31752d2497522269:0xa514e33d535ceb9b!8m2!3d10.7566041!4d106.6233673!9m1!1b1!16s%2Fg%2F11g_x4zbv4?entry=ttu&hl=vi"
D912,HCM,Tran Nao,"https://www.google.com/maps/place/Pizza+Hut+Tr%E1%BA%A7n+N%C3%A3o/@10.7977424,106.729071,17z/data=!4m8!3m7!1s0x31752604d03a2be7:0xa4fa226d4f7df47e!8m2!3d10.7977371!4d106.7316513!9m1!1b1!16s%2Fg%2F11c5wht_pg?entry=ttu&hl=vi"
D853,Hai Phong,AEON Hai Phong,"https://www.google.com/maps/place/Pizza+Hut+Aeon+Mall+H%E1%BA%A3i+Ph%C3%B2ng/@20.8325452,106.6803484,17z/data=!4m8!3m7!1s0x314a71a7fd83e02f:0x6ea3312ff4e67ab9!8m2!3d20.8325402!4d106.6829287!9m1!1b1!16s%2Fg%2F11n06k60v6?entry=ttu&hl=vi"
D851,Hai Phong,HS-To Hieu HP,"https://www.google.com/maps/place/Pizza+Hut+T%C3%B4+Hi%E1%BB%87u/@20.8514327,106.6800745,17z/data=!4m8!3m7!1s0x314a7b0eb8028347:0x212be46ea532da28!8m2!3d20.8514277!4d106.6826548!9m1!1b1!16s%2Fg%2F11bzx8dsh4?entry=ttu&hl=vi"
E271,Hai Phong,PH-Minh Khai HP,"https://www.google.com/maps/place/Nh%C3%A0+H%C3%A0ng+Pizza+Hut/@20.861482,106.6852337,15z/data=!4m18!1m9!3m8!1s0x314a7af232aa0075:0xdeca4ae8af779577!2zTmjDoCBIw6BuZyBQaXp6YSBIdXQ!8m2!3d20.861482!4d106.6852337!9m1!1b1!16s%2Fg%2F11b6dqhrvd!3m7!1s0x314a7af232aa0075:0xdeca4ae8af779577!8m2!3d20.861482!4d106.6852337!9m1!1b1!16s%2Fg%2F11b6dqhrvd?entry=ttu&hl=vi"
D854,Hai Phong,Tran Phu Hai Phong,"https://www.google.com/maps/place/Pizza+Hut+Tr%E1%BA%A7n+Ph%C3%BA/@20.8581775,106.6838758,17z/data=!4m8!3m7!1s0x314a7bac134a076b:0x1943ba7e046a6490!8m2!3d20.8581725!4d106.6864561!9m1!1b1!16s%2Fg%2F11k4jdthxm?entry=ttu&hl=vi"
D852,Hai Phong,Van Cao-HP,"https://www.google.com/maps/place/Pizza+Hut+V%C4%83n+Cao/@20.834742,106.6989642,17z/data=!4m8!3m7!1s0x314a7b29d780ce65:0xc8e23d5badde15c2!8m2!3d20.834737!4d106.7015445!9m1!1b1!16s%2Fg%2F11h1srf375?entry=ttu&hl=vi"
D817,Hanoi,AEON Ha Dong,"https://www.google.com/maps/place/Pizza+Hut/@20.9896407,105.7512869,15z/data=!4m8!3m7!1s0x31345390138aae21:0xbe15c090666a3f4a!8m2!3d20.9896407!4d105.7512869!9m1!1b1!16s%2Fg%2F11fpjshc8_?entry=ttu&hl=vi"
D815,Hanoi,An Binh City,"https://www.google.com/maps/place/Pizza+Hut/@21.0511368,105.776335,17z/data=!4m8!3m7!1s0x3135ab64bbc6cd71:0xb239a9f92ca45de2!8m2!3d21.0511318!4d105.7789153!9m1!1b1!16s%2Fg%2F11fnxrkfw6?entry=ttu&hl=vi"
D818,Hanoi,Bach Mai,"https://www.google.com/maps/place/Pizza+Hut/@21.0031218,105.8481934,17z/data=!4m8!3m7!1s0x3135adca18c61aa7:0x8d7092cf5619de8b!8m2!3d21.0031168!4d105.8507737!9m1!1b1!16s%2Fg%2F11h94ths9m?entry=ttu&hl=vi"
D806,Hanoi,BigC Artemis,"https://www.google.com/maps/place/Pizzahut/@20.9995776,105.8257966,17z/data=!4m18!1m9!3m8!1s0x3135ac878fbba82d:0xadb3980174506937!2sPizzahut!8m2!3d20.9995776!4d105.8283715!9m1!1b1!16s%2Fg%2F11hblpfrbf!3m7!1s0x3135ac878fbba82d:0xadb3980174506937!8m2!3d20.9995776!4d105.8283715!9m1!1b1!16s%2Fg%2F11hblpfrbf?entry=ttu&hl=vi"
D813,Hanoi,Eco Green,"https://www.google.com/maps/place/Pizza+Hut/@20.9835849,105.8059737,17z/data=!4m8!3m7!1s0x3135add48d1c7935:0xecf898427332acda!8m2!3d20.9835799!4d105.808554!9m1!1b1!16s%2Fg%2F11fll7_m8j?entry=ttu&hl=vi"
D824,Hanoi,Eco Home,"https://www.google.com/maps/place/Pizza+Hut+EcoHome/@21.085477,105.7827019,17z/data=!4m8!3m7!1s0x3135abdbc627879d:0x970fa72da8bf3188!8m2!3d21.085472!4d105.7852822!9m1!1b1!16s%2Fg%2F11k4jccpc_?entry=ttu&hl=vi"
D804,Hanoi,HS-Ho Guom Plaza,"https://www.google.com/maps/place/pizza+hut/@20.9790367,105.7830658,17z/data=!4m8!3m7!1s0x3135accd87d829a7:0xd03383583cb77472!8m2!3d20.9790317!4d105.7856461!9m1!1b1!16s%2Fg%2F11c682k6gh?entry=ttu&hl=vi"
D803,Hanoi,HS-Phan Chu Trinh,"https://www.google.com/maps/place/Pizzahut/@21.0187981,105.852448,17z/data=!4m8!3m7!1s0x3135abed7e8a0479:0xfb04148455aeb534!8m2!3d21.0187931!4d105.8550283!9m1!1b1!16s%2Fg%2F11gffdqbyl?entry=ttu&hl=vi"
D814,Hanoi,Ho Tung Mau,"https://www.google.com/maps/place/Pizza+Hut/@21.0402914,105.7637515,17z/data=!4m8!3m7!1s0x313455f44df089c7:0xfcf4551a20557f11!8m2!3d21.0402864!4d105.7663318!9m1!1b1!16s%2Fg%2F11h4rgl7kr?entry=ttu&hl=vi"
D808,Hanoi,Linh Dam,"https://www.google.com/maps/place/Pizza+Hut/@20.9633706,105.822858,17z/data=!4m8!3m7!1s0x3135ad01d7928ad3:0x3540ae47adaa071!8m2!3d20.9633656!4d105.8254383!9m1!1b1!16s%2Fg%2F11f13mdxn0?entry=ttu&hl=vi"
D820,Hanoi,Long Bien HN,"https://www.google.com/maps/place/Pizza+Hut/@21.0444776,105.871079,17z/data=!4m8!3m7!1s0x3135abd6ff77cc5b:0x830593c851694e4d!8m2!3d21.0444726!4d105.8736593!9m1!1b1!16s%2Fg%2F11px9cgrmx?entry=ttu&hl=vi"
D816,Hanoi,Manor Me Tri,"https://www.google.com/maps/place/Pizza+Hut/@21.0136054,105.7732203,17z/data=!4m8!3m7!1s0x3134531b1074fac9:0x5263463a8ddd14ac!8m2!3d21.0136004!4d105.7758006!9m1!1b1!16s%2Fg%2F11j0rwywlm?entry=ttu&hl=vi"
D811,Hanoi,Nghi Tam,"https://www.google.com/maps/place/Pizza+Hut/@21.0541841,105.8344187,17z/data=!4m8!3m7!1s0x3135abb20a504907:0x70621bc599f48e31!8m2!3d21.0541791!4d105.836999!9m1!1b1!16s%2Fg%2F11h6v0lvz8?entry=ttu&hl=vi"
D819,Hanoi,Nguyen Tuan,"https://www.google.com/maps/place/Pizza+Hut/@20.9986328,105.8003515,17z/data=!4m8!3m7!1s0x3135ad0e61acaf69:0xf823d43de87b8c7!8m2!3d20.9986278!4d105.8029318!9m1!1b1!16s%2Fg%2F11jh3mwgk3?entry=ttu&hl=vi"
E201,Hanoi,PH-BigC TL,"https://www.google.com/maps/place/Pizza+Hut/@21.0068652,105.7905171,17z/data=!4m8!3m7!1s0x3135acaf5c154f4b:0x12d692e270f0a5c3!8m2!3d21.0068602!4d105.7930974!9m1!1b1!16s%2Fg%2F1tdxmxs_?entry=ttu&hl=vi"
E208,Hanoi,PH-Kim Ma,"https://www.google.com/maps/place/Pizza+Hut/@21.0303178,105.8131068,17z/data=!4m8!3m7!1s0x3135ab6d986ce97f:0x207763a260ea127e!8m2!3d21.0303128!4d105.8156871!9m1!1b1!16s%2Fg%2F11bxfyfxbz?entry=ttu&hl=vi"
E207,Hanoi,PH-Me Linh,"https://www.google.com/maps/place/Pizza+Hut/@20.9645647,105.7722833,15z/data=!4m8!3m7!1s0x3134535dd0c0d277:0xfbfbdf01bfbe3fab!8m2!3d20.9645647!4d105.7722833!9m1!1b1!16s%2Fg%2F11f6d8z4rr?entry=ttu&hl=vi"
E209,Hanoi,PH-Royal City,"https://www.google.com/maps/place/Pizza+Hut/@21.0019628,105.8142304,17z/data=!3m1!5s0x3135ac9b1945eb89:0xcf7ee1e56ba6d786!4m8!3m7!1s0x3135ac852c855551:0x63ac03e6a2b0110d!8m2!3d21.0019578!4d105.8168107!9m1!1b1!16s%2Fg%2F11c6lgwk8t?entry=ttu&hl=vi"
E205,Hanoi,PH-Savico,"https://www.google.com/maps/place/Pizza+Hut/@21.050496,105.8907907,17z/data=!4m8!3m7!1s0x3135a99de340d7bf:0xa966b6c6c8ecf1f6!8m2!3d21.050491!4d105.893371!9m1!1b1!16s%2Fg%2F11g8k44d8j?entry=ttu&hl=vi"
E210,Hanoi,PH-Times City,"https://www.google.com/maps/place/Pizza+Hut/@20.9936739,105.8658059,17z/data=!3m1!5s0x3135ac04b9b651ed:0xcf7ee1e517b8bb2d!4m8!3m7!1s0x3135ac1b33f7fbff:0x23f216d37e7ab837!8m2!3d20.9936689!4d105.8683862!9m1!1b1!16s%2Fg%2F11c5_20jhc?entry=ttu&hl=vi"
E204,Hanoi,PH-Ton Duc Thang,"https://www.google.com/maps/place/Pizza+Hut/@21.0260615,105.8306237,17z/data=!4m8!3m7!1s0x3135ab9c222e523f:0xbde26db4921a817c!8m2!3d21.0260565!4d105.833204!9m1!1b1!16s%2Fg%2F11c2lrv1kq?entry=ttu&hl=vi"
E202,Hanoi,PH-Vincom,"https://www.google.com/maps/place/Pizza+Hut/@21.0116633,105.8496624,15z/data=!3m1!5s0x3135ab8ba7e8fd91:0xcf7ee1e503c73558!4m8!3m7!1s0x3135ab8ba8a21981:0xcd603091516ef764!8m2!3d21.0116633!4d105.8496624!9m1!1b1!16s%2Fg%2F11g6qjl8f0?entry=ttu&hl=vi"
D801,Hanoi,PHD-Trung Hoa,"https://www.google.com/maps/place/Pizza+Hut/@21.0172397,105.7990996,15z/data=!4m8!3m7!1s0x3135ab594f0527f9:0xc956ed41977d7fd2!8m2!3d21.0172397!4d105.7990996!9m1!1b1!16s%2Fg%2F11c2kc9bvy?entry=ttu&hl=vi"
D805,Hanoi,Thai Thinh,"https://www.google.com/maps/place/Pizza+Hut/@21.0145332,105.8114684,17z/data=!4m8!3m7!1s0x3135ab635749dbe1:0x50277deca6f1cf86!8m2!3d21.0145282!4d105.8140487!9m1!1b1!16s%2Fg%2F11gh_46gmp?entry=ttu&hl=vi"
D807,Hanoi,Tran Dang Ninh,"https://www.google.com/maps/place/Pizzahut/@21.0365658,105.791604,17z/data=!4m8!3m7!1s0x3135ab381ca86eb5:0x92747efab7479f4b!8m2!3d21.0365608!4d105.7941843!9m1!1b1!16s%2Fg%2F11gffbbcc1?entry=ttu&hl=vi"
D823,Hanoi,Tran Nguyen Dan,"https://www.google.com/maps/place/Pizza+Hut+Tr%E1%BA%A7n+Nguy%C3%AAn+%C4%90%C3%A1n/@20.9864922,105.8300971,17z/data=!4m8!3m7!1s0x3135adda522e58a7:0xd20b9444997e1198!8m2!3d20.9864872!4d105.8326774!9m1!1b1!16s%2Fg%2F11s9h7mph6?entry=ttu&hl=vi"
D809,Hanoi,Truong Dinh Plaza,"https://www.google.com/maps/place/Pizza+Hut/@20.98432,105.8436831,17z/data=!4m8!3m7!1s0x3135ac69f8f36e73:0xc2b3f561f6b66b41!8m2!3d20.984315!4d105.8462634!9m1!1b1!16s%2Fg%2F11ggt3z63k?entry=ttu&hl=vi"
D812,Hanoi,Xa Dan,"https://www.google.com/maps/place/Pizza+Hut/@21.0139481,105.8314313,17z/data=!4m8!3m7!1s0x3135ab87be615123:0x8ae58a34f771c31e!8m2!3d21.0139431!4d105.8340116!9m1!1b1!16s%2Fg%2F11h7nb5cyj?entry=ttu&hl=vi"
D822,Hanoi,Xala Ha Dong,"https://www.google.com/maps/place/Pizza+Hut/@20.9625896,105.7896559,17z/data=!4m8!3m7!1s0x3135ad834fb1a795:0xc5f2551498011ac7!8m2!3d20.9625847!4d105.7945215!9m1!1b1!16s%2Fg%2F11sx21yylt?entry=ttu&hl=vi"
D810,Hanoi,Xuan La,"https://www.google.com/maps/place/Pizza+Hut/@21.0626703,105.8078801,15z/data=!4m8!3m7!1s0x3135ab17c3669e9b:0xfaa5cbe0b378eeb0!8m2!3d21.0626703!4d105.8078801!9m1!1b1!16s%2Fg%2F11h3mw4t2d?entry=ttu&hl=vi"
D821,Hanoi,Xuan Thuy HN,"https://www.google.com/maps/place/Pizza+Hut/@21.0364083,105.7839732,15z/data=!4m8!3m7!1s0x313454b54cc3eef1:0xb33b5544b0b5b71e!8m2!3d21.0364083!4d105.7839732!9m1!1b1!16s%2Fg%2F11c5wp2q8y?entry=ttu&hl=vi"
D827,Hanoi,Lieu Giai,"https://www.google.com/maps/place/Pizza+Hut+Signature+-+Li%E1%BB%85u+Giai/@21.0346699,105.8116191,17z/data=!4m8!3m7!1s0x3135abbe0d853e5b:0x5554ee0002a83f38!8m2!3d21.0346699!4d105.814194!9m1!1b1!16s%2Fg%2F11lcktpc0b?entry=ttu&hl=vi"
D848,Hung Yen,Eco Park Hung Yen,"https://www.google.com/maps/place/Pizza+Hut+Westbay+Ecopark/@20.9485874,105.9340402,15z/data=!4m18!1m9!3m8!1s0x3135af51cf8a0123:0xb997f0a6241e96e!2sPizza+Hut+Westbay+Ecopark!8m2!3d20.9485874!4d105.9340402!9m1!1b1!16s%2Fg%2F11v19pz9nm!3m7!1s0x3135af51cf8a0123:0xb997f0a6241e96e!8m2!3d20.9485874!4d105.9340402!9m1!1b1!16s%2Fg%2F11v19pz9nm?entry=ttu&hl=vi"
D741,Khanh Hoa,GO Nha Trang,"https://www.google.com/maps/place/Pizza+Hut+Go+Mall+Nha+Trang/@12.2561593,109.1704626,15z/data=!4m8!3m7!1s0x31705db9a16fdf87:0xd5726462cef371ba!8m2!3d12.2561593!4d109.1704626!9m1!1b1!16s%2Fg%2F11pzhbcz55?entry=ttu&hl=vi"
E731,Khanh Hoa,PH-Nha Trang KH,"https://www.google.com/maps/place/Pizza+Hut+Nha+Trang/@12.2476221,109.1843152,17z/data=!4m8!3m7!1s0x317067801137528b:0x90fd18dcdf3f6e5a!8m2!3d12.2476169!4d109.1891808!9m1!1b1!16s%2Fg%2F11b6c9tvk1?entry=ttu&hl=vi"
E511,Kien Giang,Nguyen Trung Truc RG,"https://www.google.com/maps/place/Pizza+Hut+R%E1%BA%A1ch+Gi%C3%A1/@10.0040417,105.0849652,17z/data=!4m8!3m7!1s0x31a0b3c42ddf6181:0x8b008d7a445de0a2!8m2!3d10.0040364!4d105.0875455!9m1!1b1!16s%2Fg%2F11h5mbts_g?entry=ttu&hl=vi"
D714,Lao Cai,Go Lao Cai,"https://www.google.com/maps/place/Pizza+Hut+Go!+L%C3%A0o+Cai/@22.4381357,104.0098348,17z/data=!4m8!3m7!1s0x36cd17f46435f1a9:0xc9da8927d781dbed!8m2!3d22.4381357!4d104.0124097!9m1!1b1!16s%2Fg%2F11l2ycj9qg?entry=ttu&hl=vi"
D531,Long An,Vincom Long An,"https://www.google.com/maps/place/Pizza+Hut+Vincom+Long+An/@10.5348715,106.405756,17z/data=!4m8!3m7!1s0x310ab7e2a3ddcde1:0x99122f61a247f945!8m2!3d10.5348663!4d106.4106216!9m1!1b1!16s%2Fg%2F11h6d66sd2?entry=ttu&hl=vi"
D841,Nam Dinh,Nam Dinh Tower,"https://www.google.com/maps/place/Pizza+Hut/@20.4304497,106.1589074,17z/data=!4m8!3m7!1s0x3135e7730682fde7:0xa97b3089b8491972!8m2!3d20.4304447!4d106.1614877!9m1!1b1!16s%2Fg%2F11fh__8569?entry=ttu&hl=vi"
D872,Nghe An,BigC Vinh,"https://www.google.com/maps/place/Pizza+Hut+-+Big+C./@18.6662189,105.6718428,17z/data=!4m8!3m7!1s0x3139cf1dfda485d5:0x48b4eef2269ca20b!8m2!3d18.6662138!4d105.6744231!9m1!1b1!16s%2Fg%2F11pdrw4yh3?entry=ttu&hl=vi"
D871,Nghe An,Le Hong Phong-Vinh,"https://www.google.com/maps/place/Pizza+hut+-+Vinh/@18.6763947,105.6814732,17z/data=!4m8!3m7!1s0x3139cf952d71da91:0xec41f573ace8bef0!8m2!3d18.6763896!4d105.6840535!9m1!1b1!16s%2Fg%2F11g1mdzldd?entry=ttu&hl=vi"
D124,Ninh Binh,Go Ninh Binh,"https://www.google.com/maps/place/Pizza+Hut+Go+Ninh+B%C3%ACnh/@20.2426651,106.0015169,17z/data=!4m8!3m7!1s0x3136716c65993fc3:0x2444771e3908b6aa!8m2!3d20.2426601!4d106.0040972!9m1!1b1!16s%2Fg%2F11sdn07x7f?entry=ttu&hl=vi"
D122,Phu Tho,HappyLand Viet Tri,"https://www.google.com/maps/place/Pizza+Hut+Vi%E1%BB%87t+Tr%C3%AC/@21.3219067,105.3828398,17z/data=!4m8!3m7!1s0x31348d679a669b2b:0x9b476e843779eefc!8m2!3d21.3219017!4d105.3854201!9m1!1b1!16s%2Fg%2F11kb97m59h?entry=ttu&hl=vi"
D712,Quang Nam,MiniGo Dien Ban,"https://www.google.com/maps/place/Pizza+Hut+Mini+Go+%C4%90i%E1%BB%87n+B%C3%A0n/@15.893142,108.2559764,15z/data=!4m8!3m7!1s0x31420f4d6ffe2775:0x7ac21bc498f0dc13!8m2!3d15.893142!4d108.2559764!9m1!1b1!16s%2Fg%2F11v3qldwh7?entry=ttu&hl=vi"
D711,Quang Nam,MiniGo Tam Ky,"https://www.google.com/maps/place/Pizzahut_Go.Tam+K%E1%BB%B3/@15.5735031,108.4804801,17z/data=!4m8!3m7!1s0x3169dd3b6bb20e09:0xf3360ad5b40a1c7f!8m2!3d15.5734979!4d108.4830604!9m1!1b1!16s%2Fg%2F11pdy9clct?entry=ttu&hl=vi"
E291,Quang Ninh,PH-Ha Long,"https://www.google.com/maps/place/Pizza+Hut+H%E1%BA%A1+Long/@20.9510322,107.0822219,17z/data=!4m18!1m9!3m8!1s0x314a59821287a4cb:0x6babbb6a3f338e08!2sPizza+Hut+H%E1%BA%A1+Long!8m2!3d20.9510272!4d107.0848022!9m1!1b1!16s%2Fg%2F11jj47r8kx!3m7!1s0x314a59821287a4cb:0x6babbb6a3f338e08!8m2!3d20.9510272!4d107.0848022!9m1!1b1!16s%2Fg%2F11jj47r8kx?entry=ttu&hl=vi"
D527,Tay Ninh,MiniGo Go Dau,"https://www.google.com/maps/place/Pizza+Hut+go!+G%C3%B2+D%E1%BA%A7u/@11.0746983,106.2792423,15z/data=!4m8!3m7!1s0x310b3b77a807cdc5:0xfd249e2975e06ffb!8m2!3d11.0746983!4d106.2792423!9m1!1b1!16s%2Fg%2F11rqg0k0m1?entry=ttu&hl=vi"
D846,Thai Binh,Go Thai Binh,"https://www.google.com/maps/place/Pizza+Hut+GO!+Th%C3%A1i+B%C3%ACnh/@20.4396855,106.3193162,17z/data=!4m8!3m7!1s0x3135e58c047f9567:0xea35abb3b5777916!8m2!3d20.4396805!4d106.3218965!9m1!1b1!16s%2Fg%2F11smgkzv21?entry=ttu&hl=vi"
D112,Thai Nguyen,FCD-Thai Nguyen,"https://www.google.com/maps/place/Pizza+Hut+Th%C3%A1i+Nguy%C3%AAn/@21.5897598,105.8268373,15z/data=!4m8!3m7!1s0x31352749039b2d1f:0x3993fd44064a7990!8m2!3d21.5897598!4d105.8268373!9m1!1b1!16s%2Fg%2F11jnvbljqr?entry=ttu&hl=vi"
D861,Thanh Hoa,Vincom Thanh Hoa,"https://www.google.com/maps/place/Pizza+Hut+Vincom+Thanh+Ho%C3%A1/@19.8089156,105.7752458,17z/data=!4m8!3m7!1s0x3136f909566608a1:0xe500806db5f779ad!8m2!3d19.8089106!4d105.7778261!9m1!1b1!16s%2Fg%2F11g1_8rbbs?entry=ttu&hl=vi"
D751,Thua Thien Hue,Go Hue,"https://www.google.com/maps/place/Pizza+Hut+go!+Hu%E1%BA%BF/@16.460175,107.5943663,17z/data=!4m8!3m7!1s0x3141a16b965b8839:0x9117b4190e0e3da8!8m2!3d16.4601699!4d107.5992319!9m1!1b1!16s%2Fg%2F11rqj67fl3?entry=ttu&hl=vi"
D534,Tien Giang,My Tho - TienGiang,"https://www.google.com/maps/place/Pizza+Hut+%E1%BA%A4p+B%E1%BA%AFc+M%E1%BB%B9+Tho/@10.3645546,106.355009,17z/data=!4m8!3m7!1s0x310aafecd2297609:0x3c09b33d5a94f04b!8m2!3d10.3645493!4d106.3575893!9m1!1b1!16s%2Fg%2F11skn3z5t3?entry=ttu&hl=vi"
D843,Vinh Phuc,Vinh Yen,"https://www.google.com/maps/place/Pizza+Hut+H%C3%A0+Ti%C3%AAn+Mall+V%C4%A9nh+Y%C3%AAn/@21.3212897,105.5967712,17z/data=!4m8!3m7!1s0x3134e56830ea35ef:0xce03f137f890f6dc!8m2!3d21.3212847!4d105.5993515!9m1!1b1!16s%2Fg%2F11s9g6kt62?entry=ttu&hl=vi"
E112,HCM,PH-Crescent Mall,"https://www.google.com/maps/place/Pizza+Hut+Crescent+mall/@10.7284034,106.7157147,17z/data=!4m8!3m7!1s0x31752ff2cf03d0fd:0x61482581b9a798de!8m2!3d10.7284034!4d106.7182896!9m1!1b1!16s%2Fg%2F1hf6lh8td?entry=ttu&hl=vi"
E116,HCM,PH-Pandora,"https://www.google.com/maps/place/Pizza+Hut+Pandora/@10.806628,106.6316851,17z/data=!4m8!3m7!1s0x317529596ffc7b31:0x7539b0bcd217e7b6!8m2!3d10.806628!4d106.63426!9m1!1b1!16s%2Fg%2F12vscqgbf?entry=ttu&hl=vi"
E117,HCM,PH-Quang Trung,"https://www.google.com/maps/place/Pizza+Hut+Quang+Trung/@10.8288622,106.6697121,17z/data=!4m8!3m7!1s0x3175290163b78db5:0xdd2ec7d62615a14!8m2!3d10.8288622!4d106.672287!9m1!1b1!16s%2Fg%2F11b67ll5rl?entry=ttu&hl=vi"
E120,HCM,PH-Ong Ich Khiem,"https://www.google.com/maps/place/Nh%C3%A0+H%C3%A0ng+Pizza+Hut/@10.7658658,106.6419922,17z/data=!4m18!1m9!3m8!1s0x31752e96c46eaea1:0xd3451ebfc45c5801!2zTmjDoCBIw6BuZyBQaXp6YSBIdXQ!8m2!3d10.7658658!4d106.6445671!9m1!1b1!16s%2Fg%2F11btrrb_4w!3m7!1s0x31752e96c46eaea1:0xd3451ebfc45c5801!8m2!3d10.7658658!4d106.6445671!9m1!1b1!16s%2Fg%2F11btrrb_4w?entry=ttu&hl=vi"
E121,HCM,PH-Ngo Gia Tu,"https://www.google.com/maps/place/PizzaHut/@10.7622745,106.6682337,17z/data=!4m8!3m7!1s0x31752ee3f6a08f29:0xb51d14146d5914cd!8m2!3d10.7622745!4d106.6708086!9m1!1b1!16s%2Fg%2F11c466wmmv?entry=ttu&hl=vi"
D752,Thua Thien Hue,Aeon Hue,"https://www.google.com/maps/place/Pizza+Hut+Signature+-+Aeon+Hu%E1%BA%BF/@16.4544828,107.6116384,17z/data=!4m8!3m7!1s0x3141a145244ee99f:0x6f389974f82dd0e3!8m2!3d16.4544777!4d107.6142133!9m1!1b1!16s%2Fg%2F11lp2zgxb7?hl=vi&entry=ttu&g_ep=EgoyMDI0MDkyNC4wIKXMDSoASAFQAw%3D%3D"
D941,HCM,Parc Mall,"https://www.google.com/maps/place/Pizza+Hut+Signature+-+Parc+Mall/@10.7407146,106.679465,17z/data=!4m8!3m7!1s0x31752f108e919275:0xe680aa25a828b340!8m2!3d10.7407146!4d106.679465!9m1!1b1!16s%2Fg%2F11ln4kkzyn?hl=vi&entry=ttu&g_ep=EgoyMDI0MDkyNC4wIKXMDSoASAFQAw%3D%3D"
D828,Hanoi,Golden Palm,"https://www.google.com/maps/place/Pizza+Hut+Signature+-+Golden+Palm/@21.0071522,105.8052291,17z/data=!4m8!3m7!1s0x3135ada5b6175afd:0x8b1608a25a55f0d9!8m2!3d21.0071472!4d105.807804!9m1!1b1!16s%2Fg%2F11y75l8s4t?hl=vi&entry=ttu&g_ep=EgoyMDI0MDkyNC4wIKXMDSoASAFQAw%3D%3D"